Field,Date,Initials,Cycle,DISS_Initials,DISS_G_Unpara,DISS_G_Para,DISS_G_fungus,DISS_G_p+f,DISS_R_Unpara,DISS_R_Para,DISS_R_Fungus,DISS_R_p+f
349,18-May-18,LG,1,NA,NA,NA,NA,NA,NA,NA,NA,NA
349,18-May-18,ML,1,NA,NA,NA,NA,NA,NA,NA,NA,NA
349,18-May-18,LG,1,NA,NA,NA,NA,NA,NA,NA,NA,NA
349,18-May-18,ML,1,NA,NA,NA,NA,NA,NA,NA,NA,NA
349,18-May-18,LG,1,NA,NA,NA,NA,NA,NA,NA,NA,NA
349,18-May-18,ML,1,NA,NA,NA,NA,NA,NA,NA,NA,NA
246,18-May-18,LG,1,ML,20,0,0,0,1,0,0,0
246,18-May-18,ML,1,NA,NA,NA,NA,NA,NA,NA,NA,NA
246,18-May-18,LG,1,NA,NA,NA,NA,NA,NA,NA,NA,NA
246,18-May-18,ML,1,NA,NA,NA,NA,NA,NA,NA,NA,NA
246,18-May-18,LG,1,NA,NA,NA,NA,NA,NA,NA,NA,NA
246,18-May-18,ML,1,NA,NA,NA,NA,NA,NA,NA,NA,NA
219,18-May-18,LG,1,LG,10,0,0,0,2,0,0,0
219,18-May-18,ML,1,NA,NA,NA,NA,NA,NA,NA,NA,NA
219,18-May-18,LG,1,NA,NA,NA,NA,NA,NA,NA,NA,NA
219,18-May-18,ML,1,NA,NA,NA,NA,NA,NA,NA,NA,NA
219,18-May-18,LG,1,NA,NA,NA,NA,NA,NA,NA,NA,NA
219,18-May-18,ML,1,NA,NA,NA,NA,NA,NA,NA,NA,NA
310,18-May-18,LG,1,LG,12,0,0,0,8,0,0,0
310,18-May-18,ML,1,NA,NA,NA,NA,NA,NA,NA,NA,NA
310,18-May-18,LG,1,NA,NA,NA,NA,NA,NA,NA,NA,NA
310,18-May-18,ML,1,NA,NA,NA,NA,NA,NA,NA,NA,NA
310,18-May-18,LG,1,NA,NA,NA,NA,NA,NA,NA,NA,NA
310,18-May-18,ML,1,NA,NA,NA,NA,NA,NA,NA,NA,NA
349,24-May-18,IC,1,IC,42,3,0,0,14,1,0,0
349,24-May-18,LG,1,NA,NA,NA,NA,NA,NA,NA,NA,NA
349,24-May-18,MB,1,NA,NA,NA,NA,NA,NA,NA,NA,NA
349,24-May-18,IC,1,NA,NA,NA,NA,NA,NA,NA,NA,NA
349,24-May-18,LG,1,NA,NA,NA,NA,NA,NA,NA,NA,NA
349,24-May-18,MB,1,NA,NA,NA,NA,NA,NA,NA,NA,NA
246,24-May-18,MB,1,LG,92,3,1,0,13,0,0,0
246,24-May-18,LG,1,NA,NA,NA,NA,NA,NA,NA,NA,NA
246,24-May-18,ML,1,NA,NA,NA,NA,NA,NA,NA,NA,NA
246,24-May-18,MB,1,NA,NA,NA,NA,NA,NA,NA,NA,NA
246,24-May-18,LG,1,NA,NA,NA,NA,NA,NA,NA,NA,NA
246,24-May-18,ML,1,NA,NA,NA,NA,NA,NA,NA,NA,NA
219,24-May-18,IC,1,ML,91,3,0,0,10,0,0,0
219,24-May-18,LG,1,NA,NA,NA,NA,NA,NA,NA,NA,NA
219,24-May-18,MB,1,NA,NA,NA,NA,NA,NA,NA,NA,NA
219,24-May-18,IC,1,NA,NA,NA,NA,NA,NA,NA,NA,NA
219,24-May-18,LG,1,NA,NA,NA,NA,NA,NA,NA,NA,NA
219,24-May-18,MB,1,NA,NA,NA,NA,NA,NA,NA,NA,NA
310,24-May-18,IC,1,ML,72,0,0,0,28,1,0,0
310,24-May-18,MB,1,NA,NA,NA,NA,NA,NA,NA,NA,NA
310,24-May-18,ML,1,NA,NA,NA,NA,NA,NA,NA,NA,NA
310,24-May-18,IC,1,NA,NA,NA,NA,NA,NA,NA,NA,NA
310,24-May-18,MB,1,NA,NA,NA,NA,NA,NA,NA,NA,NA
310,24-May-18,ML,1,NA,NA,NA,NA,NA,NA,NA,NA,NA
349,4-Jun-18,ML,2,IC,17,0,0,0,8,0,0,0
349,4-Jun-18,LG,2,NA,NA,NA,NA,NA,NA,NA,NA,NA
349,4-Jun-18,IC,2,NA,NA,NA,NA,NA,NA,NA,NA,NA
349,4-Jun-18,IC,2,NA,NA,NA,NA,NA,NA,NA,NA,NA
349,4-Jun-18,ML,2,NA,NA,NA,NA,NA,NA,NA,NA,NA
349,4-Jun-18,LG,2,NA,NA,NA,NA,NA,NA,NA,NA,NA
246,4-Jun-18,ML,2,LG,42,0,0,0,8,0,0,0
246,4-Jun-18,LG,2,NA,NA,NA,NA,NA,NA,NA,NA,NA
246,4-Jun-18,IC,2,NA,NA,NA,NA,NA,NA,NA,NA,NA
246,4-Jun-18,ML,2,NA,NA,NA,NA,NA,NA,NA,NA,NA
246,4-Jun-18,LG,2,NA,NA,NA,NA,NA,NA,NA,NA,NA
246,4-Jun-18,IC,2,NA,NA,NA,NA,NA,NA,NA,NA,NA
219,4-Jun-18,ML,2,LG,10,0,0,0,2,0,0,0
219,4-Jun-18,LG,2,NA,NA,NA,NA,NA,NA,NA,NA,NA
219,4-Jun-18,IC,2,NA,NA,NA,NA,NA,NA,NA,NA,NA
219,4-Jun-18,ML,2,NA,NA,NA,NA,NA,NA,NA,NA,NA
219,4-Jun-18,LG,2,NA,NA,NA,NA,NA,NA,NA,NA,NA
219,4-Jun-18,IC,2,NA,NA,NA,NA,NA,NA,NA,NA,NA
310,4-Jun-18,ML,2,LG,47,0,0,0,7,0,0,0
310,4-Jun-18,LG,2,NA,NA,NA,NA,NA,NA,NA,NA,NA
310,4-Jun-18,IC,2,NA,NA,NA,NA,NA,NA,NA,NA,NA
310,4-Jun-18,ML,2,NA,NA,NA,NA,NA,NA,NA,NA,NA
310,4-Jun-18,LG,2,NA,NA,NA,NA,NA,NA,NA,NA,NA
310,4-Jun-18,IC,2,NA,NA,NA,NA,NA,NA,NA,NA,NA
506SE,4-Jun-18,ML,1,IC,58,0,0,0,8,0,0,0
506SE,4-Jun-18,LG,1,NA,NA,NA,NA,NA,NA,NA,NA,NA
506SE,4-Jun-18,IC,1,NA,NA,NA,NA,NA,NA,NA,NA,NA
506SE,4-Jun-18,ML,1,NA,NA,NA,NA,NA,NA,NA,NA,NA
506SE,4-Jun-18,LG,1,NA,NA,NA,NA,NA,NA,NA,NA,NA
506SE,4-Jun-18,IC,1,NA,NA,NA,NA,NA,NA,NA,NA,NA
576N,4-Jun-18,ML,1,ML,71,1,0,0,3,0,0,0
576N,4-Jun-18,LG,1,NA,NA,NA,NA,NA,NA,NA,NA,NA
576N,4-Jun-18,IC,1,NA,NA,NA,NA,NA,NA,NA,NA,NA
576N,4-Jun-18,ML,1,NA,NA,NA,NA,NA,NA,NA,NA,NA
576N,4-Jun-18,LG,1,NA,NA,NA,NA,NA,NA,NA,NA,NA
576N,4-Jun-18,IC,1,NA,NA,NA,NA,NA,NA,NA,NA,NA
349,7-Jun-18,MB,2,IC,73,0,0,0,21,0,0,0
349,7-Jun-18,IC,2,NA,NA,NA,NA,NA,NA,NA,NA,NA
349,7-Jun-18,LG,2,NA,NA,NA,NA,NA,NA,NA,NA,NA
349,7-Jun-18,IC,2,NA,NA,NA,NA,NA,NA,NA,NA,NA
349,7-Jun-18,MB,2,NA,NA,NA,NA,NA,NA,NA,NA,NA
349,7-Jun-18,LG,2,NA,NA,NA,NA,NA,NA,NA,NA,NA
246,7-Jun-18,ML,2,IC,83,0,0,0,12,0,0,0
246,7-Jun-18,LG,2,NA,NA,NA,NA,NA,NA,NA,NA,NA
246,7-Jun-18,IC,2,NA,NA,NA,NA,NA,NA,NA,NA,NA
246,7-Jun-18,ML,2,NA,NA,NA,NA,NA,NA,NA,NA,NA
246,7-Jun-18,LG,2,NA,NA,NA,NA,NA,NA,NA,NA,NA
246,7-Jun-18,IC,2,NA,NA,NA,NA,NA,NA,NA,NA,NA
219,7-Jun-18,ML,2,ML,32,0,0,0,11,0,0,0
219,7-Jun-18,LG,2,NA,NA,NA,NA,NA,NA,NA,NA,NA
219,7-Jun-18,IC,2,NA,NA,NA,NA,NA,NA,NA,NA,NA
219,7-Jun-18,ML,2,NA,NA,NA,NA,NA,NA,NA,NA,NA
219,7-Jun-18,LG,2,NA,NA,NA,NA,NA,NA,NA,NA,NA
219,7-Jun-18,IC,2,NA,NA,NA,NA,NA,NA,NA,NA,NA
310,7-Jun-18,MB,2,ML,75,0,0,0,17,0,0,0
310,7-Jun-18,LG,2,NA,NA,NA,NA,NA,NA,NA,NA,NA
310,7-Jun-18,ML,2,NA,NA,NA,NA,NA,NA,NA,NA,NA
310,7-Jun-18,MB,2,NA,NA,NA,NA,NA,NA,NA,NA,NA
310,7-Jun-18,LG,2,NA,NA,NA,NA,NA,NA,NA,NA,NA
310,7-Jun-18,ML,2,NA,NA,NA,NA,NA,NA,NA,NA,NA
506SE,7-Jun-18,NA,NA,NA,NA,NA,NA,NA,NA,NA,NA,NA
506SE,7-Jun-18,NA,NA,NA,NA,NA,NA,NA,NA,NA,NA,NA
506SE,7-Jun-18,NA,NA,NA,NA,NA,NA,NA,NA,NA,NA,NA
506SE,7-Jun-18,NA,NA,NA,NA,NA,NA,NA,NA,NA,NA,NA
506SE,7-Jun-18,NA,NA,NA,NA,NA,NA,NA,NA,NA,NA,NA
506SE,7-Jun-18,NA,NA,NA,NA,NA,NA,NA,NA,NA,NA,NA
576N,7-Jun-18,IC,1,LG,75,0,0,0,11,0,0,0
576N,7-Jun-18,MB,1,NA,NA,NA,NA,NA,NA,NA,NA,NA
576N,7-Jun-18,LG,1,NA,NA,NA,NA,NA,NA,NA,NA,NA
576N,7-Jun-18,IC,1,NA,NA,NA,NA,NA,NA,NA,NA,NA
576N,7-Jun-18,MB,1,NA,NA,NA,NA,NA,NA,NA,NA,NA
576N,7-Jun-18,LG,1,NA,NA,NA,NA,NA,NA,NA,NA,NA
349,11-Jun-18,ML,2,LG,82,0,0,0,11,0,0,0
349,11-Jun-18,LG,2,NA,NA,NA,NA,NA,NA,NA,NA,NA
349,11-Jun-18,IC,2,NA,NA,NA,NA,NA,NA,NA,NA,NA
349,11-Jun-18,ML,2,NA,NA,NA,NA,NA,NA,NA,NA,NA
349,11-Jun-18,LG,2,NA,NA,NA,NA,NA,NA,NA,NA,NA
349,11-Jun-18,IC,2,NA,NA,NA,NA,NA,NA,NA,NA,NA
246,11-Jun-18,IC,2,LG,84,0,0,0,13,0,0,0
246,11-Jun-18,ML,2,NA,NA,NA,NA,NA,NA,NA,NA,NA
246,11-Jun-18,MB,2,NA,NA,NA,NA,NA,NA,NA,NA,NA
246,11-Jun-18,ML,2,NA,NA,NA,NA,NA,NA,NA,NA,NA
246,11-Jun-18,IC,2,NA,NA,NA,NA,NA,NA,NA,NA,NA
246,11-Jun-18,MB,2,NA,NA,NA,NA,NA,NA,NA,NA,NA
219,11-Jun-18,MB,2,IC,75,0,0,0,18,0,0,0
219,11-Jun-18,LG,2,NA,NA,NA,NA,NA,NA,NA,NA,NA
219,11-Jun-18,ML,2,NA,NA,NA,NA,NA,NA,NA,NA,NA
219,11-Jun-18,MB,2,NA,NA,NA,NA,NA,NA,NA,NA,NA
219,11-Jun-18,LG,2,NA,NA,NA,NA,NA,NA,NA,NA,NA
219,11-Jun-18,ML,2,NA,NA,NA,NA,NA,NA,NA,NA,NA
310,11-Jun-18,MB,2,IC,69,0,0,0,27,0,0,0
310,11-Jun-18,LG,2,NA,NA,NA,NA,NA,NA,NA,NA,NA
310,11-Jun-18,IC,2,NA,NA,NA,NA,NA,NA,NA,NA,NA
310,11-Jun-18,IC,2,NA,NA,NA,NA,NA,NA,NA,NA,NA
310,11-Jun-18,MB,2,NA,NA,NA,NA,NA,NA,NA,NA,NA
310,11-Jun-18,LG,2,NA,NA,NA,NA,NA,NA,NA,NA,NA
506SE,11-Jun-18,ML,1,IC,74,0,0,0,17,0,0,0
506SE,11-Jun-18,LG,1,NA,NA,NA,NA,NA,NA,NA,NA,NA
506SE,11-Jun-18,IC,1,NA,NA,NA,NA,NA,NA,NA,NA,NA
506SE,11-Jun-18,ML,1,NA,NA,NA,NA,NA,NA,NA,NA,NA
506SE,11-Jun-18,LG,1,NA,NA,NA,NA,NA,NA,NA,NA,NA
506SE,11-Jun-18,IC,1,NA,NA,NA,NA,NA,NA,NA,NA,NA
576N,11-Jun-18,MB,1,LG,73,1,0,0,23,0,0,0
576N,11-Jun-18,LG,1,NA,NA,NA,NA,NA,NA,NA,NA,NA
576N,11-Jun-18,ML,1,NA,NA,NA,NA,NA,NA,NA,NA,NA
576N,11-Jun-18,MB,1,NA,NA,NA,NA,NA,NA,NA,NA,NA
576N,11-Jun-18,LG,1,NA,NA,NA,NA,NA,NA,NA,NA,NA
576N,11-Jun-18,ML,1,NA,NA,NA,NA,NA,NA,NA,NA,NA
349,14-Jun-18,MB,2,ML,75,0,0,0,24,0,0,0
349,14-Jun-18,ML,2,NA,NA,NA,NA,NA,NA,NA,NA,NA
349,14-Jun-18,IC,2,NA,NA,NA,NA,NA,NA,NA,NA,NA
349,14-Jun-18,IC,2,NA,NA,NA,NA,NA,NA,NA,NA,NA
349,14-Jun-18,MB,2,NA,NA,NA,NA,NA,NA,NA,NA,NA
349,14-Jun-18,ML,2,NA,NA,NA,NA,NA,NA,NA,NA,NA
246,14-Jun-18,MB,2,LG,78,0,0,0,19,0,0,0
246,14-Jun-18,LG,2,NA,NA,NA,NA,NA,NA,NA,NA,NA
246,14-Jun-18,ML,2,NA,NA,NA,NA,NA,NA,NA,NA,NA
246,14-Jun-18,MB,2,NA,NA,NA,NA,NA,NA,NA,NA,NA
246,14-Jun-18,LG,2,NA,NA,NA,NA,NA,NA,NA,NA,NA
246,14-Jun-18,ML,2,NA,NA,NA,NA,NA,NA,NA,NA,NA
219,14-Jun-18,MB,2,ML,84,0,0,0,13,0,0,0
219,14-Jun-18,IC,2,NA,NA,NA,NA,NA,NA,NA,NA,NA
219,14-Jun-18,LG,2,NA,NA,NA,NA,NA,NA,NA,NA,NA
219,14-Jun-18,IC,2,NA,NA,NA,NA,NA,NA,NA,NA,NA
219,14-Jun-18,MB,2,NA,NA,NA,NA,NA,NA,NA,NA,NA
219,14-Jun-18,LG,2,NA,NA,NA,NA,NA,NA,NA,NA,NA
310,14-Jun-18,ML,2,LG,72,0,0,0,30,0,0,0
310,14-Jun-18,LG,2,NA,NA,NA,NA,NA,NA,NA,NA,NA
310,14-Jun-18,IC,2,NA,NA,NA,NA,NA,NA,NA,NA,NA
310,14-Jun-18,ML,2,NA,NA,NA,NA,NA,NA,NA,NA,NA
310,14-Jun-18,LG,2,NA,NA,NA,NA,NA,NA,NA,NA,NA
310,14-Jun-18,IC,2,NA,NA,NA,NA,NA,NA,NA,NA,NA
506SE,14-Jun-18,IC,1,IC,79,0,0,0,18,0,0,0
506SE,14-Jun-18,MB,1,NA,NA,NA,NA,NA,NA,NA,NA,NA
506SE,14-Jun-18,ML,1,NA,NA,NA,NA,NA,NA,NA,NA,NA
506SE,14-Jun-18,IC,1,NA,NA,NA,NA,NA,NA,NA,NA,NA
506SE,14-Jun-18,ML,1,NA,NA,NA,NA,NA,NA,NA,NA,NA
506SE,14-Jun-18,MB,1,NA,NA,NA,NA,NA,NA,NA,NA,NA
576N,14-Jun-18,LG,1,ML,74,0,0,0,27,0,0,0
576N,14-Jun-18,MB,1,NA,NA,NA,NA,NA,NA,NA,NA,NA
576N,14-Jun-18,IC,1,NA,NA,NA,NA,NA,NA,NA,NA,NA
576N,14-Jun-18,IC,1,NA,NA,NA,NA,NA,NA,NA,NA,NA
576N,14-Jun-18,MB,1,NA,NA,NA,NA,NA,NA,NA,NA,NA
576N,14-Jun-18,LG,1,NA,NA,NA,NA,NA,NA,NA,NA,NA
349,18-Jun-18,LG,2,ML,77,0,0,0,21,0,0,0
349,18-Jun-18,ML,2,NA,NA,NA,NA,NA,NA,NA,NA,NA
349,18-Jun-18,IC,2,NA,NA,NA,NA,NA,NA,NA,NA,NA
349,18-Jun-18,LG,2,NA,NA,NA,NA,NA,NA,NA,NA,NA
349,18-Jun-18,ML,2,NA,NA,NA,NA,NA,NA,NA,NA,NA
349,18-Jun-18,IC,2,NA,NA,NA,NA,NA,NA,NA,NA,NA
246,18-Jun-18,LG,2,IC,71,1,0,0,29,0,0,0
246,18-Jun-18,ML,2,NA,NA,NA,NA,NA,NA,NA,NA,NA
246,18-Jun-18,IC,2,NA,NA,NA,NA,NA,NA,NA,NA,NA
246,18-Jun-18,LG,2,NA,NA,NA,NA,NA,NA,NA,NA,NA
246,18-Jun-18,ML,2,NA,NA,NA,NA,NA,NA,NA,NA,NA
246,18-Jun-18,IC,2,NA,NA,NA,NA,NA,NA,NA,NA,NA
219,18-Jun-18,ML,2,LG,75,0,0,0,20,0,0,0
219,18-Jun-18,IC,2,NA,NA,NA,NA,NA,NA,NA,NA,NA
219,18-Jun-18,LG,2,NA,NA,NA,NA,NA,NA,NA,NA,NA
219,18-Jun-18,ML,2,NA,NA,NA,NA,NA,NA,NA,NA,NA
219,18-Jun-18,IC,2,NA,NA,NA,NA,NA,NA,NA,NA,NA
219,18-Jun-18,LG,2,NA,NA,NA,NA,NA,NA,NA,NA,NA
310,18-Jun-18,LG,2,LG,77,2,0,0,17,0,0,0
310,18-Jun-18,ML,2,NA,NA,NA,NA,NA,NA,NA,NA,NA
310,18-Jun-18,IC,2,NA,NA,NA,NA,NA,NA,NA,NA,NA
310,18-Jun-18,LG,2,NA,NA,NA,NA,NA,NA,NA,NA,NA
310,18-Jun-18,ML,2,NA,NA,NA,NA,NA,NA,NA,NA,NA
310,18-Jun-18,IC,2,NA,NA,NA,NA,NA,NA,NA,NA,NA
506SE,18-Jun-18,LG,1,LG,78,0,0,0,17,0,0,0
506SE,18-Jun-18,ML,1,NA,NA,NA,NA,NA,NA,NA,NA,NA
506SE,18-Jun-18,IC,1,NA,NA,NA,NA,NA,NA,NA,NA,NA
506SE,18-Jun-18,ML,1,NA,NA,NA,NA,NA,NA,NA,NA,NA
506SE,18-Jun-18,ML,1,NA,NA,NA,NA,NA,NA,NA,NA,NA
506SE,18-Jun-18,IC,1,NA,NA,NA,NA,NA,NA,NA,NA,NA
576N,18-Jun-18,ML,1,IC,79,0,0,0,18,2,0,0
576N,18-Jun-18,IC,1,NA,NA,NA,NA,NA,NA,NA,NA,NA
576N,18-Jun-18,LG,1,NA,NA,NA,NA,NA,NA,NA,NA,NA
576N,18-Jun-18,ML,1,NA,NA,NA,NA,NA,NA,NA,NA,NA
576N,18-Jun-18,IC,1,NA,NA,NA,NA,NA,NA,NA,NA,NA
576N,18-Jun-18,LG,1,NA,NA,NA,NA,NA,NA,NA,NA,NA
349,25-Jun-18,ML,2,ML,79,0,6,0,13,0,1,0
349,25-Jun-18,LG,2,NA,NA,NA,NA,NA,NA,NA,NA,NA
349,25-Jun-18,IC,2,NA,NA,NA,NA,NA,NA,NA,NA,NA
349,25-Jun-18,IC,2,NA,NA,NA,NA,NA,NA,NA,NA,NA
349,25-Jun-18,ML,2,NA,NA,NA,NA,NA,NA,NA,NA,NA
349,25-Jun-18,LG,2,NA,NA,NA,NA,NA,NA,NA,NA,NA
246,25-Jun-18,ML,2,LG,64,0,3,0,18,0,3,0
246,25-Jun-18,LG,2,NA,NA,NA,NA,NA,NA,NA,NA,NA
246,25-Jun-18,IC,2,NA,NA,NA,NA,NA,NA,NA,NA,NA
246,25-Jun-18,IC,2,NA,NA,NA,NA,NA,NA,NA,NA,NA
246,25-Jun-18,MG,2,NA,NA,NA,NA,NA,NA,NA,NA,NA
246,25-Jun-18,ML,2,NA,NA,NA,NA,NA,NA,NA,NA,NA
219,25-Jun-18,IC,2,IC,80,0,4,0,22,0,8,0
219,25-Jun-18,LG,2,NA,NA,NA,NA,NA,NA,NA,NA,NA
219,25-Jun-18,ML,2,NA,NA,NA,NA,NA,NA,NA,NA,NA
219,25-Jun-18,ML,2,NA,NA,NA,NA,NA,NA,NA,NA,NA
219,25-Jun-18,LG,2,NA,NA,NA,NA,NA,NA,NA,NA,NA
219,25-Jun-18,IC,2,NA,NA,NA,NA,NA,NA,NA,NA,NA
310,25-Jun-18,IC,2,LG,71,0,0,0,24,0,0,0
310,25-Jun-18,ML,2,NA,NA,NA,NA,NA,NA,NA,NA,NA
310,25-Jun-18,LG,2,NA,NA,NA,NA,NA,NA,NA,NA,NA
310,25-Jun-18,IC,2,NA,NA,NA,NA,NA,NA,NA,NA,NA
310,25-Jun-18,ML,2,NA,NA,NA,NA,NA,NA,NA,NA,NA
310,25-Jun-18,LG,2,NA,NA,NA,NA,NA,NA,NA,NA,NA
506SE,25-Jun-18,IC,1,IC,69,3,5,0,10,0,9,0
506SE,25-Jun-18,LG,1,NA,NA,NA,NA,NA,NA,NA,NA,NA
506SE,25-Jun-18,ML,1,NA,NA,NA,NA,NA,NA,NA,NA,NA
506SE,25-Jun-18,IC,1,NA,NA,NA,NA,NA,NA,NA,NA,NA
506SE,25-Jun-18,LG,1,NA,NA,NA,NA,NA,NA,NA,NA,NA
506SE,25-Jun-18,ML,1,NA,NA,NA,NA,NA,NA,NA,NA,NA
576N,25-Jun-18,IC,1,ML,47,0,23,0,12,0,20,0
576N,25-Jun-18,ML,1,NA,NA,NA,NA,NA,NA,NA,NA,NA
576N,25-Jun-18,LG,1,NA,NA,NA,NA,NA,NA,NA,NA,NA
576N,25-Jun-18,IC,1,NA,NA,NA,NA,NA,NA,NA,NA,NA
576N,25-Jun-18,ML,1,NA,NA,NA,NA,NA,NA,NA,NA,NA
576N,25-Jun-18,LG,1,NA,NA,NA,NA,NA,NA,NA,NA,NA
349,28-Jun-18,NA,NA,NA,NA,NA,NA,NA,NA,NA,NA,NA
349,28-Jun-18,NA,NA,NA,NA,NA,NA,NA,NA,NA,NA,NA
349,28-Jun-18,NA,NA,NA,NA,NA,NA,NA,NA,NA,NA,NA
349,28-Jun-18,NA,NA,NA,NA,NA,NA,NA,NA,NA,NA,NA
349,28-Jun-18,NA,NA,NA,NA,NA,NA,NA,NA,NA,NA,NA
349,28-Jun-18,NA,NA,NA,NA,NA,NA,NA,NA,NA,NA,NA
246,28-Jun-18,IC,2,LG,38,1,26,0,17,0,10,0
246,28-Jun-18,LG,2,NA,NA,NA,NA,NA,NA,NA,NA,NA
246,28-Jun-18,MB,2,NA,NA,NA,NA,NA,NA,NA,NA,NA
246,28-Jun-18,IC,2,NA,NA,NA,NA,NA,NA,NA,NA,NA
246,28-Jun-18,MB,2,NA,NA,NA,NA,NA,NA,NA,NA,NA
246,28-Jun-18,LG,2,NA,NA,NA,NA,NA,NA,NA,NA,NA
219,28-Jun-18,ML,2,ML,57,0,16,0,16,0,4,0
219,28-Jun-18,MB,2,NA,NA,NA,NA,NA,NA,NA,NA,NA
219,28-Jun-18,IC,2,NA,NA,NA,NA,NA,NA,NA,NA,NA
219,28-Jun-18,ML,2,NA,NA,NA,NA,NA,NA,NA,NA,NA
219,28-Jun-18,MB,2,NA,NA,NA,NA,NA,NA,NA,NA,NA
219,28-Jun-18,IC,2,NA,NA,NA,NA,NA,NA,NA,NA,NA
310,28-Jun-18,NA,NA,NA,NA,NA,NA,NA,NA,NA,NA,NA
310,28-Jun-18,NA,NA,NA,NA,NA,NA,NA,NA,NA,NA,NA
310,28-Jun-18,NA,NA,NA,NA,NA,NA,NA,NA,NA,NA,NA
310,28-Jun-18,NA,NA,NA,NA,NA,NA,NA,NA,NA,NA,NA
310,28-Jun-18,NA,NA,NA,NA,NA,NA,NA,NA,NA,NA,NA
310,28-Jun-18,NA,NA,NA,NA,NA,NA,NA,NA,NA,NA,NA
506SE,28-Jun-18,ML,1,LG,35,0,26,0,15,0,12,0
506SE,28-Jun-18,IC,1,NA,NA,NA,NA,NA,NA,NA,NA,NA
506SE,28-Jun-18,LG,1,NA,NA,NA,NA,NA,NA,NA,NA,NA
506SE,28-Jun-18,ML,1,NA,NA,NA,NA,NA,NA,NA,NA,NA
506SE,28-Jun-18,IC,1,NA,NA,NA,NA,NA,NA,NA,NA,NA
506SE,28-Jun-18,LG,1,NA,NA,NA,NA,NA,NA,NA,NA,NA
576N,28-Jun-18,MB,1,LG,55,0,14,0,18,0,14,0
576N,28-Jun-18,LG,1,NA,NA,NA,NA,NA,NA,NA,NA,NA
576N,28-Jun-18,ML,1,NA,NA,NA,NA,NA,NA,NA,NA,NA
576N,28-Jun-18,MB,1,NA,NA,NA,NA,NA,NA,NA,NA,NA
576N,28-Jun-18,LG,1,NA,NA,NA,NA,NA,NA,NA,NA,NA
576N,28-Jun-18,ML,1,NA,NA,NA,NA,NA,NA,NA,NA,NA
506SE,5-Jul-18,ML,2,LG,20,0,0,0,5,0,2,0
506SE,5-Jul-18,LG,2,NA,NA,NA,NA,NA,NA,NA,NA,NA
506SE,5-Jul-18,IC,2,NA,NA,NA,NA,NA,NA,NA,NA,NA
506SE,5-Jul-18,ML,2,NA,NA,NA,NA,NA,NA,NA,NA,NA
506SE,5-Jul-18,LG,2,NA,NA,NA,NA,NA,NA,NA,NA,NA
506SE,5-Jul-18,IC,2,NA,NA,NA,NA,NA,NA,NA,NA,NA
576N,5-Jul-18,ML,2,LG,20,0,3,0,3,0,2,0
576N,5-Jul-18,LG,2,NA,NA,NA,NA,NA,NA,NA,NA,NA
576N,5-Jul-18,IC,2,NA,NA,NA,NA,NA,NA,NA,NA,NA
576N,5-Jul-18,ML,2,NA,NA,NA,NA,NA,NA,NA,NA,NA
576N,5-Jul-18,IC,2,NA,NA,NA,NA,NA,NA,NA,NA,NA
576N,5-Jul-18,LG,2,NA,NA,NA,NA,NA,NA,NA,NA,NA
349,9-Jul-18,LG,3,ML,51,4,18,1,10,3,6,0
349,9-Jul-18,IC,3,NA,NA,NA,NA,NA,NA,NA,NA,NA
349,9-Jul-18,MB,3,NA,NA,NA,NA,NA,NA,NA,NA,NA
349,9-Jul-18,LG,3,NA,NA,NA,NA,NA,NA,NA,NA,NA
349,9-Jul-18,IC,3,NA,NA,NA,NA,NA,NA,NA,NA,NA
349,9-Jul-18,MB,3,NA,NA,NA,NA,NA,NA,NA,NA,NA
246,9-Jul-18,LG,3,ML,78,6,1,0,13,2,3,0
246,9-Jul-18,IC,3,NA,NA,NA,NA,NA,NA,NA,NA,NA
246,9-Jul-18,MB,3,NA,NA,NA,NA,NA,NA,NA,NA,NA
246,9-Jul-18,LG,3,NA,NA,NA,NA,NA,NA,NA,NA,NA
246,9-Jul-18,IC,3,NA,NA,NA,NA,NA,NA,NA,NA,NA
246,9-Jul-18,MB,3,NA,NA,NA,NA,NA,NA,NA,NA,NA
219,9-Jul-18,LG,3,ML,14,2,4,0,5,1,0,0
219,9-Jul-18,IC,3,NA,NA,NA,NA,NA,NA,NA,NA,NA
219,9-Jul-18,MB,3,NA,NA,NA,NA,NA,NA,NA,NA,NA
219,9-Jul-18,LG,3,NA,NA,NA,NA,NA,NA,NA,NA,NA
219,9-Jul-18,IC,3,NA,NA,NA,NA,NA,NA,NA,NA,NA
219,9-Jul-18,MB,3,NA,NA,NA,NA,NA,NA,NA,NA,NA
310,9-Jul-18,LG,3,IC,47,8,3,0,25,13,1,0
310,9-Jul-18,IC,3,NA,NA,NA,NA,NA,NA,NA,NA,NA
310,9-Jul-18,MB,3,NA,NA,NA,NA,NA,NA,NA,NA,NA
310,9-Jul-18,LG,3,NA,NA,NA,NA,NA,NA,NA,NA,NA
310,9-Jul-18,IC,3,NA,NA,NA,NA,NA,NA,NA,NA,NA
310,9-Jul-18,MB,3,NA,NA,NA,NA,NA,NA,NA,NA,NA
506SE,9-Jul-18,LG,2,LG,74,4,3,1,10,0,0,0
506SE,9-Jul-18,MB,2,NA,NA,NA,NA,NA,NA,NA,NA,NA
506SE,9-Jul-18,IC,2,NA,NA,NA,NA,NA,NA,NA,NA,NA
506SE,9-Jul-18,LG,2,NA,NA,NA,NA,NA,NA,NA,NA,NA
506SE,9-Jul-18,MB,2,NA,NA,NA,NA,NA,NA,NA,NA,NA
506SE,9-Jul-18,IC,2,NA,NA,NA,NA,NA,NA,NA,NA,NA
576N,9-Jul-18,IC,2,IC,72,12,1,0,12,2,1,0
576N,9-Jul-18,LG,2,NA,NA,NA,NA,NA,NA,NA,NA,NA
576N,9-Jul-18,MB,2,NA,NA,NA,NA,NA,NA,NA,NA,NA
576N,9-Jul-18,IC,2,NA,NA,NA,NA,NA,NA,NA,NA,NA
576N,9-Jul-18,LG,2,NA,NA,NA,NA,NA,NA,NA,NA,NA
576N,9-Jul-18,MB,2,NA,NA,NA,NA,NA,NA,NA,NA,NA
349,12-Jul-18,LG,3,MB,60,11,1,1,19,1,4,0
349,12-Jul-18,IC,3,NA,NA,NA,NA,NA,NA,NA,NA,NA
349,12-Jul-18,LG,3,NA,NA,NA,NA,NA,NA,NA,NA,NA
349,12-Jul-18,IC,3,NA,NA,NA,NA,NA,NA,NA,NA,NA
349,12-Jul-18,LG,3,NA,NA,NA,NA,NA,NA,NA,NA,NA
349,12-Jul-18,IC,3,NA,NA,NA,NA,NA,NA,NA,NA,NA
246,12-Jul-18,LG,3,IC,57,8,0,0,29,2,0,0
246,12-Jul-18,IC,3,NA,NA,NA,NA,NA,NA,NA,NA,NA
246,12-Jul-18,LG,3,NA,NA,NA,NA,NA,NA,NA,NA,NA
246,12-Jul-18,IC,3,NA,NA,NA,NA,NA,NA,NA,NA,NA
246,12-Jul-18,LG,3,NA,NA,NA,NA,NA,NA,NA,NA,NA
246,12-Jul-18,IC,3,NA,NA,NA,NA,NA,NA,NA,NA,NA
219,12-Jul-18,LG,3,LG,33,0,1,0,8,1,1,0
219,12-Jul-18,IC,3,NA,NA,NA,NA,NA,NA,NA,NA,NA
219,12-Jul-18,LG,3,NA,NA,NA,NA,NA,NA,NA,NA,NA
219,12-Jul-18,IC,3,NA,NA,NA,NA,NA,NA,NA,NA,NA
219,12-Jul-18,LG,3,NA,NA,NA,NA,NA,NA,NA,NA,NA
219,12-Jul-18,IC,3,NA,NA,NA,NA,NA,NA,NA,NA,NA
310,12-Jul-18,LG,3,LG,71,9,1,0,14,1,0,0
310,12-Jul-18,IC,3,NA,NA,NA,NA,NA,NA,NA,NA,NA
310,12-Jul-18,LG,3,NA,NA,NA,NA,NA,NA,NA,NA,NA
310,12-Jul-18,IC,3,NA,NA,NA,NA,NA,NA,NA,NA,NA
310,12-Jul-18,LG,3,NA,NA,NA,NA,NA,NA,NA,NA,NA
310,12-Jul-18,IC,3,NA,NA,NA,NA,NA,NA,NA,NA,NA
506SE,12-Jul-18,LG,2,LG,64,1,2,0,8,0,0,0
506SE,12-Jul-18,IC,2,NA,NA,NA,NA,NA,NA,NA,NA,NA
506SE,12-Jul-18,LG,2,NA,NA,NA,NA,NA,NA,NA,NA,NA
506SE,12-Jul-18,IC,2,NA,NA,NA,NA,NA,NA,NA,NA,NA
506SE,12-Jul-18,LG,2,NA,NA,NA,NA,NA,NA,NA,NA,NA
506SE,12-Jul-18,IC,2,NA,NA,NA,NA,NA,NA,NA,NA,NA
576N,12-Jul-18,LG,2,IC,47,4,0,0,8,1,0,0
576N,12-Jul-18,IC,2,NA,NA,NA,NA,NA,NA,NA,NA,NA
576N,12-Jul-18,LG,2,NA,NA,NA,NA,NA,NA,NA,NA,NA
576N,12-Jul-18,IC,2,NA,NA,NA,NA,NA,NA,NA,NA,NA
576N,12-Jul-18,LG,2,NA,NA,NA,NA,NA,NA,NA,NA,NA
576N,12-Jul-18,IC,2,NA,NA,NA,NA,NA,NA,NA,NA,NA
576N,13-Jul-18,NA,NA,NA,NA,NA,NA,NA,NA,NA,NA,NA
576N,13-Jul-18,NA,NA,NA,NA,NA,NA,NA,NA,NA,NA,NA
576N,13-Jul-18,NA,NA,NA,NA,NA,NA,NA,NA,NA,NA,NA
576N,13-Jul-18,NA,NA,NA,NA,NA,NA,NA,NA,NA,NA,NA
576N,13-Jul-18,NA,NA,NA,NA,NA,NA,NA,NA,NA,NA,NA
576N,13-Jul-18,NA,NA,NA,NA,NA,NA,NA,NA,NA,NA,NA
349,16-Jul-18,ML,3,LG,65,9,4,0,20,1,1,0
349,16-Jul-18,LG,3,NA,NA,NA,NA,NA,NA,NA,NA,NA
349,16-Jul-18,IC,3,NA,NA,NA,NA,NA,NA,NA,NA,NA
349,16-Jul-18,ML,3,NA,NA,NA,NA,NA,NA,NA,NA,NA
349,16-Jul-18,LG,3,NA,NA,NA,NA,NA,NA,NA,NA,NA
349,16-Jul-18,IC,3,NA,NA,NA,NA,NA,NA,NA,NA,NA
246,16-Jul-18,LG,3,ML,78,1,0,0,20,2,0,0
246,16-Jul-18,IC,3,NA,NA,NA,NA,NA,NA,NA,NA,NA
246,16-Jul-18,ML,3,NA,NA,NA,NA,NA,NA,NA,NA,NA
246,16-Jul-18,LG,3,NA,NA,NA,NA,NA,NA,NA,NA,NA
246,16-Jul-18,IC,3,NA,NA,NA,NA,NA,NA,NA,NA,NA
246,16-Jul-18,ML,3,NA,NA,NA,NA,NA,NA,NA,NA,NA
219,16-Jul-18,ML,3,ML,57,3,3,0,9,1,2,0
219,16-Jul-18,IC,3,NA,NA,NA,NA,NA,NA,NA,NA,NA
219,16-Jul-18,LG,3,NA,NA,NA,NA,NA,NA,NA,NA,NA
219,16-Jul-18,ML,3,NA,NA,NA,NA,NA,NA,NA,NA,NA
219,16-Jul-18,LG,3,NA,NA,NA,NA,NA,NA,NA,NA,NA
219,16-Jul-18,IC,3,NA,NA,NA,NA,NA,NA,NA,NA,NA
310,16-Jul-18,ML,3,IC,71,2,1,0,24,2,0,0
310,16-Jul-18,LG,3,NA,NA,NA,NA,NA,NA,NA,NA,NA
310,16-Jul-18,IC,3,NA,NA,NA,NA,NA,NA,NA,NA,NA
310,16-Jul-18,ML,3,NA,NA,NA,NA,NA,NA,NA,NA,NA
310,16-Jul-18,LG,3,NA,NA,NA,NA,NA,NA,NA,NA,NA
310,16-Jul-18,IC,3,NA,NA,NA,NA,NA,NA,NA,NA,NA
506SE,16-Jul-18,LG,2,IC,80,14,1,0,5,0,0,0
506SE,16-Jul-18,IC,2,NA,NA,NA,NA,NA,NA,NA,NA,NA
506SE,16-Jul-18,ML,2,NA,NA,NA,NA,NA,NA,NA,NA,NA
506SE,16-Jul-18,LG,2,NA,NA,NA,NA,NA,NA,NA,NA,NA
506SE,16-Jul-18,IC,2,NA,NA,NA,NA,NA,NA,NA,NA,NA
506SE,16-Jul-18,ML,2,NA,NA,NA,NA,NA,NA,NA,NA,NA
576N,16-Jul-18,ML,2,LG,78,7,1,0,14,0,0,0
576N,16-Jul-18,LG,2,NA,NA,NA,NA,NA,NA,NA,NA,NA
576N,16-Jul-18,IC,2,NA,NA,NA,NA,NA,NA,NA,NA,NA
576N,16-Jul-18,ML,2,NA,NA,NA,NA,NA,NA,NA,NA,NA
576N,16-Jul-18,LG,2,NA,NA,NA,NA,NA,NA,NA,NA,NA
576N,16-Jul-18,IC,2,NA,NA,NA,NA,NA,NA,NA,NA,NA
349,19-Jul-18,LG,3,LG,65,10,0,0,20,3,2,0
349,19-Jul-18,IC,3,NA,NA,NA,NA,NA,NA,NA,NA,NA
349,19-Jul-18,LG,3,NA,NA,NA,NA,NA,NA,NA,NA,NA
349,19-Jul-18,IC,3,NA,NA,NA,NA,NA,NA,NA,NA,NA
349,19-Jul-18,LG,3,NA,NA,NA,NA,NA,NA,NA,NA,NA
349,19-Jul-18,IC,3,NA,NA,NA,NA,NA,NA,NA,NA,NA
246,19-Jul-18,IC,3,IC,70,7,3,0,19,1,3,0
246,19-Jul-18,IC,3,NA,NA,NA,NA,NA,NA,NA,NA,NA
246,19-Jul-18,IC,3,NA,NA,NA,NA,NA,NA,NA,NA,NA
246,19-Jul-18,IC,3,NA,NA,NA,NA,NA,NA,NA,NA,NA
246,19-Jul-18,IC,3,NA,NA,NA,NA,NA,NA,NA,NA,NA
246,19-Jul-18,IC,3,NA,NA,NA,NA,NA,NA,NA,NA,NA
219,19-Jul-18,LG,3,LG,64,13,0,0,16,2,5,0
219,19-Jul-18,LG,3,NA,NA,NA,NA,NA,NA,NA,NA,NA
219,19-Jul-18,LG,3,NA,NA,NA,NA,NA,NA,NA,NA,NA
219,19-Jul-18,LG,3,NA,NA,NA,NA,NA,NA,NA,NA,NA
219,19-Jul-18,LG,3,NA,NA,NA,NA,NA,NA,NA,NA,NA
219,19-Jul-18,LG,3,NA,NA,NA,NA,NA,NA,NA,NA,NA
310,19-Jul-18,LG,3,LG,74,4,2,0,24,0,2,0
310,19-Jul-18,IC,3,NA,NA,NA,NA,NA,NA,NA,NA,NA
310,19-Jul-18,LG,3,NA,NA,NA,NA,NA,NA,NA,NA,NA
310,19-Jul-18,IC,3,NA,NA,NA,NA,NA,NA,NA,NA,NA
310,19-Jul-18,LG,3,NA,NA,NA,NA,NA,NA,NA,NA,NA
310,19-Jul-18,IC,3,NA,NA,NA,NA,NA,NA,NA,NA,NA
506SE,19-Jul-18,NA,NA,NA,NA,NA,NA,NA,NA,NA,NA,NA
506SE,19-Jul-18,NA,NA,NA,NA,NA,NA,NA,NA,NA,NA,NA
506SE,19-Jul-18,NA,NA,NA,NA,NA,NA,NA,NA,NA,NA,NA
506SE,19-Jul-18,NA,NA,NA,NA,NA,NA,NA,NA,NA,NA,NA
506SE,19-Jul-18,NA,NA,NA,NA,NA,NA,NA,NA,NA,NA,NA
506SE,19-Jul-18,NA,NA,NA,NA,NA,NA,NA,NA,NA,NA,NA
576N,19-Jul-18,LG,2,IC,78,9,1,0,12,2,0,0
576N,19-Jul-18,IC,2,NA,NA,NA,NA,NA,NA,NA,NA,NA
576N,19-Jul-18,LG,2,NA,NA,NA,NA,NA,NA,NA,NA,NA
576N,19-Jul-18,IC,2,NA,NA,NA,NA,NA,NA,NA,NA,NA
576N,19-Jul-18,LG,2,NA,NA,NA,NA,NA,NA,NA,NA,NA
576N,19-Jul-18,IC,2,NA,NA,NA,NA,NA,NA,NA,NA,NA
349,23-Jul-18,IC,3,ML,59,12,5,0,21,1,6,0
349,23-Jul-18,ML,3,NA,NA,NA,NA,NA,NA,NA,NA,NA
349,23-Jul-18,MB,3,NA,NA,NA,NA,NA,NA,NA,NA,NA
349,23-Jul-18,IC,3,NA,NA,NA,NA,NA,NA,NA,NA,NA
349,23-Jul-18,ML,3,NA,NA,NA,NA,NA,NA,NA,NA,NA
349,23-Jul-18,MB,3,NA,NA,NA,NA,NA,NA,NA,NA,NA
246,23-Jul-18,MB,3,ML,65,7,4,0,23,1,1,0
246,23-Jul-18,IC,3,NA,NA,NA,NA,NA,NA,NA,NA,NA
246,23-Jul-18,ML,3,NA,NA,NA,NA,NA,NA,NA,NA,NA
246,23-Jul-18,MB,3,NA,NA,NA,NA,NA,NA,NA,NA,NA
246,23-Jul-18,IC,3,NA,NA,NA,NA,NA,NA,NA,NA,NA
246,23-Jul-18,ML,3,NA,NA,NA,NA,NA,NA,NA,NA,NA
219,23-Jul-18,ML,3,ML,75,10,1,0,18,2,1,0
219,23-Jul-18,IC,3,NA,NA,NA,NA,NA,NA,NA,NA,NA
219,23-Jul-18,MB,3,NA,NA,NA,NA,NA,NA,NA,NA,NA
219,23-Jul-18,ML,3,NA,NA,NA,NA,NA,NA,NA,NA,NA
219,23-Jul-18,IC,3,NA,NA,NA,NA,NA,NA,NA,NA,NA
219,23-Jul-18,MB,3,NA,NA,NA,NA,NA,NA,NA,NA,NA
310,23-Jul-18,ML,3,IC,59,20,1,0,19,1,0,0
310,23-Jul-18,IC,3,NA,NA,NA,NA,NA,NA,NA,NA,NA
310,23-Jul-18,MB,3,NA,NA,NA,NA,NA,NA,NA,NA,NA
310,23-Jul-18,ML,3,NA,NA,NA,NA,NA,NA,NA,NA,NA
310,23-Jul-18,MB,3,NA,NA,NA,NA,NA,NA,NA,NA,NA
310,23-Jul-18,IC,3,NA,NA,NA,NA,NA,NA,NA,NA,NA
506SE,23-Jul-18,MB,2,ML,23,3,0,0,6,0,0,0
506SE,23-Jul-18,IC,2,NA,NA,NA,NA,NA,NA,NA,NA,NA
506SE,23-Jul-18,ML,2,NA,NA,NA,NA,NA,NA,NA,NA,NA
506SE,23-Jul-18,MB,2,NA,NA,NA,NA,NA,NA,NA,NA,NA
506SE,23-Jul-18,IC,2,NA,NA,NA,NA,NA,NA,NA,NA,NA
506SE,23-Jul-18,ML,2,NA,NA,NA,NA,NA,NA,NA,NA,NA
576N,23-Jul-18,IC,2,IC,60,18,0,0,18,4,0,0
576N,23-Jul-18,ML,2,NA,NA,NA,NA,NA,NA,NA,NA,NA
576N,23-Jul-18,MB,2,NA,NA,NA,NA,NA,NA,NA,NA,NA
576N,23-Jul-18,IC,2,NA,NA,NA,NA,NA,NA,NA,NA,NA
576N,23-Jul-18,ML,2,NA,NA,NA,NA,NA,NA,NA,NA,NA
576N,23-Jul-18,MB,2,NA,NA,NA,NA,NA,NA,NA,NA,NA
349,26-Jul-18,IC,3,IC,55,15,0,0,14,4,3,0
349,26-Jul-18,ML,3,NA,NA,NA,NA,NA,NA,NA,NA,NA
349,26-Jul-18,IC,3,NA,NA,NA,NA,NA,NA,NA,NA,NA
349,26-Jul-18,ML,3,NA,NA,NA,NA,NA,NA,NA,NA,NA
349,26-Jul-18,IC,3,NA,NA,NA,NA,NA,NA,NA,NA,NA
349,26-Jul-18,ML,3,NA,NA,NA,NA,NA,NA,NA,NA,NA
246,26-Jul-18,ML,3,ML,62,12,0,0,21,0,8,0
246,26-Jul-18,MB,3,NA,NA,NA,NA,NA,NA,NA,NA,NA
246,26-Jul-18,IC,3,NA,NA,NA,NA,NA,NA,NA,NA,NA
246,26-Jul-18,ML,3,NA,NA,NA,NA,NA,NA,NA,NA,NA
246,26-Jul-18,MB,3,NA,NA,NA,NA,NA,NA,NA,NA,NA
246,26-Jul-18,IC,3,NA,NA,NA,NA,NA,NA,NA,NA,NA
219,26-Jul-18,ML,3,ML,48,6,0,0,13,2,0,0
219,26-Jul-18,MB,3,NA,NA,NA,NA,NA,NA,NA,NA,NA
219,26-Jul-18,IC,3,NA,NA,NA,NA,NA,NA,NA,NA,NA
219,26-Jul-18,ML,3,NA,NA,NA,NA,NA,NA,NA,NA,NA
219,26-Jul-18,MB,3,NA,NA,NA,NA,NA,NA,NA,NA,NA
219,26-Jul-18,IC,3,NA,NA,NA,NA,NA,NA,NA,NA,NA
310,26-Jul-18,IC,3,IC,53,16,0,0,28,2,0,0
310,26-Jul-18,ML,3,NA,NA,NA,NA,NA,NA,NA,NA,NA
310,26-Jul-18,IC,3,NA,NA,NA,NA,NA,NA,NA,NA,NA
310,26-Jul-18,ML,3,NA,NA,NA,NA,NA,NA,NA,NA,NA
310,26-Jul-18,IC,3,NA,NA,NA,NA,NA,NA,NA,NA,NA
310,26-Jul-18,ML,3,NA,NA,NA,NA,NA,NA,NA,NA,NA
506SE,26-Jul-18,ML,2,ML,81,1,0,0,22,0,0,0
506SE,26-Jul-18,MB,2,NA,NA,NA,NA,NA,NA,NA,NA,NA
506SE,26-Jul-18,IC,2,NA,NA,NA,NA,NA,NA,NA,NA,NA
506SE,26-Jul-18,ML,2,NA,NA,NA,NA,NA,NA,NA,NA,NA
506SE,26-Jul-18,MB,2,NA,NA,NA,NA,NA,NA,NA,NA,NA
506SE,26-Jul-18,IC,2,NA,NA,NA,NA,NA,NA,NA,NA,NA
576N,26-Jul-18,ML,2,IC,44,37,4,0,12,3,1,0
576N,26-Jul-18,MB,2,NA,NA,NA,NA,NA,NA,NA,NA,NA
576N,26-Jul-18,IC,2,NA,NA,NA,NA,NA,NA,NA,NA,NA
576N,26-Jul-18,ML,2,NA,NA,NA,NA,NA,NA,NA,NA,NA
576N,26-Jul-18,MB,2,NA,NA,NA,NA,NA,NA,NA,NA,NA
576N,26-Jul-18,IC,2,NA,NA,NA,NA,NA,NA,NA,NA,NA
349,30-Jul-18,LG,3,LG,52,19,0,0,20,8,1,0
349,30-Jul-18,ML,3,NA,NA,NA,NA,NA,NA,NA,NA,NA
349,30-Jul-18,IC,3,NA,NA,NA,NA,NA,NA,NA,NA,NA
349,30-Jul-18,LG,3,NA,NA,NA,NA,NA,NA,NA,NA,NA
349,30-Jul-18,ML,3,NA,NA,NA,NA,NA,NA,NA,NA,NA
349,30-Jul-18,IC,3,NA,NA,NA,NA,NA,NA,NA,NA,NA
246,30-Jul-18,ML,3,LG,53,14,0,0,20,6,3,1
246,30-Jul-18,LG,3,NA,NA,NA,NA,NA,NA,NA,NA,NA
246,30-Jul-18,IC,3,NA,NA,NA,NA,NA,NA,NA,NA,NA
246,30-Jul-18,ML,3,NA,NA,NA,NA,NA,NA,NA,NA,NA
246,30-Jul-18,LG,3,NA,NA,NA,NA,NA,NA,NA,NA,NA
246,30-Jul-18,IC,3,NA,NA,NA,NA,NA,NA,NA,NA,NA
219,30-Jul-18,ML,3,ML,58,17,8,0,21,0,0,0
219,30-Jul-18,LG,3,NA,NA,NA,NA,NA,NA,NA,NA,NA
219,30-Jul-18,IC,3,NA,NA,NA,NA,NA,NA,NA,NA,NA
219,30-Jul-18,ML,3,NA,NA,NA,NA,NA,NA,NA,NA,NA
219,30-Jul-18,LG,3,NA,NA,NA,NA,NA,NA,NA,NA,NA
219,30-Jul-18,IC,3,NA,NA,NA,NA,NA,NA,NA,NA,NA
310,30-Jul-18,NA,NA,NA,NA,NA,NA,NA,NA,NA,NA,NA
310,30-Jul-18,NA,NA,NA,NA,NA,NA,NA,NA,NA,NA,NA
310,30-Jul-18,NA,NA,NA,NA,NA,NA,NA,NA,NA,NA,NA
310,30-Jul-18,NA,NA,NA,NA,NA,NA,NA,NA,NA,NA,NA
310,30-Jul-18,NA,NA,NA,NA,NA,NA,NA,NA,NA,NA,NA
310,30-Jul-18,NA,NA,NA,NA,NA,NA,NA,NA,NA,NA,NA
506SE,30-Jul-18,NA,NA,NA,NA,NA,NA,NA,NA,NA,NA,NA
506SE,30-Jul-18,NA,NA,NA,NA,NA,NA,NA,NA,NA,NA,NA
506SE,30-Jul-18,NA,NA,NA,NA,NA,NA,NA,NA,NA,NA,NA
506SE,30-Jul-18,NA,NA,NA,NA,NA,NA,NA,NA,NA,NA,NA
506SE,30-Jul-18,NA,NA,NA,NA,NA,NA,NA,NA,NA,NA,NA
506SE,30-Jul-18,NA,NA,NA,NA,NA,NA,NA,NA,NA,NA,NA
576N,30-Jul-18,NA,NA,NA,NA,NA,NA,NA,NA,NA,NA,NA
576N,30-Jul-18,NA,NA,NA,NA,NA,NA,NA,NA,NA,NA,NA
576N,30-Jul-18,NA,NA,NA,NA,NA,NA,NA,NA,NA,NA,NA
576N,30-Jul-18,NA,NA,NA,NA,NA,NA,NA,NA,NA,NA,NA
576N,30-Jul-18,NA,NA,NA,NA,NA,NA,NA,NA,NA,NA,NA
576N,30-Jul-18,NA,NA,NA,NA,NA,NA,NA,NA,NA,NA,NA
349,9-Aug-18,LG,4,IC,28,3,0,0,14,1,0,0
349,9-Aug-18,IC,4,NA,NA,NA,NA,NA,NA,NA,NA,NA
349,9-Aug-18,ML,4,NA,NA,NA,NA,NA,NA,NA,NA,NA
349,9-Aug-18,LG,4,NA,NA,NA,NA,NA,NA,NA,NA,NA
349,9-Aug-18,IC,4,NA,NA,NA,NA,NA,NA,NA,NA,NA
349,9-Aug-18,ML,4,NA,NA,NA,NA,NA,NA,NA,NA,NA
246,9-Aug-18,IC,4,NA,NA,NA,NA,NA,NA,NA,NA,NA
246,9-Aug-18,ML,4,NA,NA,NA,NA,NA,NA,NA,NA,NA
246,9-Aug-18,LG,4,NA,NA,NA,NA,NA,NA,NA,NA,NA
246,9-Aug-18,IC,4,NA,NA,NA,NA,NA,NA,NA,NA,NA
246,9-Aug-18,ML,4,NA,NA,NA,NA,NA,NA,NA,NA,NA
246,9-Aug-18,LG,4,NA,NA,NA,NA,NA,NA,NA,NA,NA
219,9-Aug-18,ML,4,NA,NA,NA,NA,NA,NA,NA,NA,NA
219,9-Aug-18,LG,4,NA,NA,NA,NA,NA,NA,NA,NA,NA
219,9-Aug-18,IC,4,NA,NA,NA,NA,NA,NA,NA,NA,NA
219,9-Aug-18,ML,4,NA,NA,NA,NA,NA,NA,NA,NA,NA
219,9-Aug-18,IC,4,NA,NA,NA,NA,NA,NA,NA,NA,NA
219,9-Aug-18,LG,4,NA,NA,NA,NA,NA,NA,NA,NA,NA
310,9-Aug-18,ML,4,NA,NA,NA,NA,NA,NA,NA,NA,NA
310,9-Aug-18,LG,4,NA,NA,NA,NA,NA,NA,NA,NA,NA
310,9-Aug-18,IC,4,NA,NA,NA,NA,NA,NA,NA,NA,NA
310,9-Aug-18,NA,4,NA,NA,NA,NA,NA,NA,NA,NA,NA
310,9-Aug-18,NA,4,NA,NA,NA,NA,NA,NA,NA,NA,NA
310,9-Aug-18,NA,4,NA,NA,NA,NA,NA,NA,NA,NA,NA
506SE,9-Aug-18,LG,3,IC,61,21,0,0,16,6,0,0
506SE,9-Aug-18,IC,3,NA,NA,NA,NA,NA,NA,NA,NA,NA
506SE,9-Aug-18,ML,3,NA,NA,NA,NA,NA,NA,NA,NA,NA
506SE,9-Aug-18,LG,3,NA,NA,NA,NA,NA,NA,NA,NA,NA
506SE,9-Aug-18,IC,3,NA,NA,NA,NA,NA,NA,NA,NA,NA
506SE,9-Aug-18,ML,3,NA,NA,NA,NA,NA,NA,NA,NA,NA
576N,9-Aug-18,IC,3,LG,77,5,0,0,15,0,2,0
576N,9-Aug-18,ML,3,NA,NA,NA,NA,NA,NA,NA,NA,NA
576N,9-Aug-18,LG,3,NA,NA,NA,NA,NA,NA,NA,NA,NA
576N,9-Aug-18,IC,3,NA,NA,NA,NA,NA,NA,NA,NA,NA
576N,9-Aug-18,ML,3,NA,NA,NA,NA,NA,NA,NA,NA,NA
576N,9-Aug-18,LG,3,NA,NA,NA,NA,NA,NA,NA,NA,NA
246,13-Aug-18,LG,4,ML,28,1,0,0,4,1,0,0
246,13-Aug-18,ML,4,NA,NA,NA,NA,NA,NA,NA,NA,NA
246,13-Aug-18,LG,4,NA,NA,NA,NA,NA,NA,NA,NA,NA
246,13-Aug-18,ML,4,NA,NA,NA,NA,NA,NA,NA,NA,NA
246,13-Aug-18,LG,4,NA,NA,NA,NA,NA,NA,NA,NA,NA
246,13-Aug-18,ML,4,NA,NA,NA,NA,NA,NA,NA,NA,NA
219,13-Aug-18,ML,4,LG,62,10,3,1,22,0,0,0
219,13-Aug-18,LG,4,NA,NA,NA,NA,NA,NA,NA,NA,NA
219,13-Aug-18,MB,4,NA,NA,NA,NA,NA,NA,NA,NA,NA
219,13-Aug-18,ML,4,NA,NA,NA,NA,NA,NA,NA,NA,NA
219,13-Aug-18,LG,4,NA,NA,NA,NA,NA,NA,NA,NA,NA
219,13-Aug-18,MB,4,NA,NA,NA,NA,NA,NA,NA,NA,NA
310,13-Aug-18,LG,4,LG,55,15,1,1,25,4,0,0
310,13-Aug-18,ML,4,NA,NA,NA,NA,NA,NA,NA,NA,NA
310,13-Aug-18,MB,4,NA,NA,NA,NA,NA,NA,NA,NA,NA
310,13-Aug-18,LG,4,NA,NA,NA,NA,NA,NA,NA,NA,NA
310,13-Aug-18,ML,4,NA,NA,NA,NA,NA,NA,NA,NA,NA
310,13-Aug-18,MB,4,NA,NA,NA,NA,NA,NA,NA,NA,NA
506SE,13-Aug-18,LG,3,LG,64,8,7,0,14,1,6,0
506SE,13-Aug-18,ML,3,NA,NA,NA,NA,NA,NA,NA,NA,NA
506SE,13-Aug-18,MB,3,NA,NA,NA,NA,NA,NA,NA,NA,NA
506SE,13-Aug-18,LG,3,NA,NA,NA,NA,NA,NA,NA,NA,NA
506SE,13-Aug-18,ML,3,NA,NA,NA,NA,NA,NA,NA,NA,NA
506SE,13-Aug-18,MB,3,NA,NA,NA,NA,NA,NA,NA,NA,NA
576N,13-Aug-18,LG,3,ML,77,3,0,0,19,0,0,0
576N,13-Aug-18,ML,3,NA,NA,NA,NA,NA,NA,NA,NA,NA
576N,13-Aug-18,MB,3,NA,NA,NA,NA,NA,NA,NA,NA,NA
576N,13-Aug-18,LG,3,NA,NA,NA,NA,NA,NA,NA,NA,NA
576N,13-Aug-18,ML,3,NA,NA,NA,NA,NA,NA,NA,NA,NA
576N,13-Aug-18,MB,3,NA,NA,NA,NA,NA,NA,NA,NA,NA
349,13-Aug-18,LG,4,LG,67,6,3,0,18,5,0,0
349,13-Aug-18,ML,4,NA,NA,NA,NA,NA,NA,NA,NA,NA
349,13-Aug-18,LG,4,NA,NA,NA,NA,NA,NA,NA,NA,NA
349,13-Aug-18,ML,4,NA,NA,NA,NA,NA,NA,NA,NA,NA
349,13-Aug-18,LG,4,NA,NA,NA,NA,NA,NA,NA,NA,NA
349,13-Aug-18,ML,4,NA,NA,NA,NA,NA,NA,NA,NA,NA
506SE,16-Aug-18,ML,3,LG,50,9,9,1,12,0,17,2
506SE,16-Aug-18,LG,3,NA,NA,NA,NA,NA,NA,NA,NA,NA
506SE,16-Aug-18,MB,3,NA,NA,NA,NA,NA,NA,NA,NA,NA
506SE,16-Aug-18,ML,3,NA,NA,NA,NA,NA,NA,NA,NA,NA
506SE,16-Aug-18,LG,3,NA,NA,NA,NA,NA,NA,NA,NA,NA
506SE,16-Aug-18,MB,3,NA,NA,NA,NA,NA,NA,NA,NA,NA
349,20-Aug-18,ML,4,ML,16,0,0,0,11,0,1,0
349,20-Aug-18,LG,4,NA,NA,NA,NA,NA,NA,NA,NA,NA
349,20-Aug-18,ML,4,NA,NA,NA,NA,NA,NA,NA,NA,NA
349,20-Aug-18,LG,4,NA,NA,NA,NA,NA,NA,NA,NA,NA
349,20-Aug-18,ML,4,NA,NA,NA,NA,NA,NA,NA,NA,NA
349,20-Aug-18,LG,4,NA,NA,NA,NA,NA,NA,NA,NA,NA
246,20-Aug-18,ML,4,LG,69,6,3,0,21,0,1,0
246,20-Aug-18,LG,4,NA,NA,NA,NA,NA,NA,NA,NA,NA
246,20-Aug-18,ML,4,NA,NA,NA,NA,NA,NA,NA,NA,NA
246,20-Aug-18,LG,4,NA,NA,NA,NA,NA,NA,NA,NA,NA
246,20-Aug-18,ML,4,NA,NA,NA,NA,NA,NA,NA,NA,NA
246,20-Aug-18,LG,4,NA,NA,NA,NA,NA,NA,NA,NA,NA
219,20-Aug-18,LG,4,LG,64,10,1,0,24,0,1,0
219,20-Aug-18,ML,4,NA,NA,NA,NA,NA,NA,NA,NA,NA
219,20-Aug-18,LG,4,NA,NA,NA,NA,NA,NA,NA,NA,NA
219,20-Aug-18,ML,4,NA,NA,NA,NA,NA,NA,NA,NA,NA
219,20-Aug-18,LG,4,NA,NA,NA,NA,NA,NA,NA,NA,NA
219,20-Aug-18,ML,4,NA,NA,NA,NA,NA,NA,NA,NA,NA
310,20-Aug-18,LG,4,ML,26,2,5,0,3,2,3,0
310,20-Aug-18,ML,4,NA,NA,NA,NA,NA,NA,NA,NA,NA
310,20-Aug-18,MB,4,NA,NA,NA,NA,NA,NA,NA,NA,NA
310,20-Aug-18,LG,4,NA,NA,NA,NA,NA,NA,NA,NA,NA
310,20-Aug-18,MB,4,NA,NA,NA,NA,NA,NA,NA,NA,NA
310,20-Aug-18,ML,4,NA,NA,NA,NA,NA,NA,NA,NA,NA
506SE,20-Aug-18,LG,3,ML,19,1,2,0,13,2,5,1
506SE,20-Aug-18,ML,3,NA,NA,NA,NA,NA,NA,NA,NA,NA
506SE,20-Aug-18,MB,3,NA,NA,NA,NA,NA,NA,NA,NA,NA
506SE,20-Aug-18,LG,3,NA,NA,NA,NA,NA,NA,NA,NA,NA
506SE,20-Aug-18,ML,3,NA,NA,NA,NA,NA,NA,NA,NA,NA
506SE,20-Aug-18,MB,3,NA,NA,NA,NA,NA,NA,NA,NA,NA
576N,20-Aug-18,LG,3,LG,33,1,1,1,13,0,2,0
576N,20-Aug-18,ML,3,NA,NA,NA,NA,NA,NA,NA,NA,NA
576N,20-Aug-18,MB,3,NA,NA,NA,NA,NA,NA,NA,NA,NA
576N,20-Aug-18,LG,3,NA,NA,NA,NA,NA,NA,NA,NA,NA
576N,20-Aug-18,ML,3,NA,NA,NA,NA,NA,NA,NA,NA,NA
576N,20-Aug-18,MB,3,NA,NA,NA,NA,NA,NA,NA,NA,NA
349,23-Aug-18,LG,4,ML,38,1,1,0,17,0,3,0
349,23-Aug-18,ML,4,NA,NA,NA,NA,NA,NA,NA,NA,NA
349,23-Aug-18,LG,4,NA,NA,NA,NA,NA,NA,NA,NA,NA
349,23-Aug-18,ML,4,NA,NA,NA,NA,NA,NA,NA,NA,NA
349,23-Aug-18,LG,4,NA,NA,NA,NA,NA,NA,NA,NA,NA
349,23-Aug-18,ML,4,NA,NA,NA,NA,NA,NA,NA,NA,NA
246,23-Aug-18,LG,4,LG,55,2,1,0,15,3,0,0
246,23-Aug-18,ML,4,NA,NA,NA,NA,NA,NA,NA,NA,NA
246,23-Aug-18,LG,4,NA,NA,NA,NA,NA,NA,NA,NA,NA
246,23-Aug-18,ML,4,NA,NA,NA,NA,NA,NA,NA,NA,NA
246,23-Aug-18,LG,4,NA,NA,NA,NA,NA,NA,NA,NA,NA
246,23-Aug-18,ML,4,NA,NA,NA,NA,NA,NA,NA,NA,NA
219,23-Aug-18,LG,4,ML,64,0,1,0,18,1,0,0
219,23-Aug-18,ML,4,NA,NA,NA,NA,NA,NA,NA,NA,NA
219,23-Aug-18,LG,4,NA,NA,NA,NA,NA,NA,NA,NA,NA
219,23-Aug-18,ML,4,NA,NA,NA,NA,NA,NA,NA,NA,NA
219,23-Aug-18,LG,4,NA,NA,NA,NA,NA,NA,NA,NA,NA
219,23-Aug-18,ML,4,NA,NA,NA,NA,NA,NA,NA,NA,NA
310,23-Aug-18,LG,4,ML,77,2,0,0,22,1,0,0
310,23-Aug-18,ML,4,NA,NA,NA,NA,NA,NA,NA,NA,NA
310,23-Aug-18,LG,4,NA,NA,NA,NA,NA,NA,NA,NA,NA
310,23-Aug-18,ML,4,NA,NA,NA,NA,NA,NA,NA,NA,NA
310,23-Aug-18,LG,4,NA,NA,NA,NA,NA,NA,NA,NA,NA
310,23-Aug-18,ML,4,NA,NA,NA,NA,NA,NA,NA,NA,NA
506SE,23-Aug-18,LG,3,LG,23,2,4,0,6,0,1,0
506SE,23-Aug-18,ML,3,NA,NA,NA,NA,NA,NA,NA,NA,NA
506SE,23-Aug-18,LG,3,NA,NA,NA,NA,NA,NA,NA,NA,NA
506SE,23-Aug-18,ML,3,NA,NA,NA,NA,NA,NA,NA,NA,NA
506SE,23-Aug-18,LG,3,NA,NA,NA,NA,NA,NA,NA,NA,NA
506SE,23-Aug-18,ML,3,NA,NA,NA,NA,NA,NA,NA,NA,NA
576N,23-Aug-18,LG,3,LG,35,4,2,0,11,0,4,1
576N,23-Aug-18,ML,3,NA,NA,NA,NA,NA,NA,NA,NA,NA
576N,23-Aug-18,LG,3,NA,NA,NA,NA,NA,NA,NA,NA,NA
576N,23-Aug-18,ML,3,NA,NA,NA,NA,NA,NA,NA,NA,NA
576N,23-Aug-18,LG,3,NA,NA,NA,NA,NA,NA,NA,NA,NA
576N,23-Aug-18,ML,3,NA,NA,NA,NA,NA,NA,NA,NA,NA
349,27-Aug-18,ML,4,ML,7,0,0,0,3,1,1,0
349,27-Aug-18,ML,4,NA,NA,NA,NA,NA,NA,NA,NA,NA
349,27-Aug-18,ML,4,NA,NA,NA,NA,NA,NA,NA,NA,NA
349,27-Aug-18,ML,4,NA,NA,NA,NA,NA,NA,NA,NA,NA
349,27-Aug-18,ML,4,NA,NA,NA,NA,NA,NA,NA,NA,NA
349,27-Aug-18,ML,4,NA,NA,NA,NA,NA,NA,NA,NA,NA
246,27-Aug-18,ML,4,ML,33,0,15,0,13,0,13,0
246,27-Aug-18,ML,4,NA,NA,NA,NA,NA,NA,NA,NA,NA
246,27-Aug-18,ML,4,NA,NA,NA,NA,NA,NA,NA,NA,NA
246,27-Aug-18,ML,4,NA,NA,NA,NA,NA,NA,NA,NA,NA
246,27-Aug-18,ML,4,NA,NA,NA,NA,NA,NA,NA,NA,NA
246,27-Aug-18,ML,4,NA,NA,NA,NA,NA,NA,NA,NA,NA
219,27-Aug-18,ML,4,ML,4,1,3,0,6,0,8,0
219,27-Aug-18,ML,4,NA,NA,NA,NA,NA,NA,NA,NA,NA
219,27-Aug-18,ML,4,NA,NA,NA,NA,NA,NA,NA,NA,NA
219,27-Aug-18,ML,4,NA,NA,NA,NA,NA,NA,NA,NA,NA
219,27-Aug-18,ML,4,NA,NA,NA,NA,NA,NA,NA,NA,NA
219,27-Aug-18,ML,4,NA,NA,NA,NA,NA,NA,NA,NA,NA
310,27-Aug-18,ML,4,ML,30,1,3,0,7,0,1,0
310,27-Aug-18,ML,4,NA,NA,NA,NA,NA,NA,NA,NA,NA
310,27-Aug-18,ML,4,NA,NA,NA,NA,NA,NA,NA,NA,NA
310,27-Aug-18,ML,4,NA,NA,NA,NA,NA,NA,NA,NA,NA
310,27-Aug-18,ML,4,NA,NA,NA,NA,NA,NA,NA,NA,NA
310,27-Aug-18,MB,4,NA,NA,NA,NA,NA,NA,NA,NA,NA
506SE,27-Aug-18,ML,3,ML,4,0,2,0,2,1,0,0
506SE,27-Aug-18,MB,3,NA,NA,NA,NA,NA,NA,NA,NA,NA
506SE,27-Aug-18,ML,3,NA,NA,NA,NA,NA,NA,NA,NA,NA
506SE,27-Aug-18,MB,3,NA,NA,NA,NA,NA,NA,NA,NA,NA
506SE,27-Aug-18,ML,3,NA,NA,NA,NA,NA,NA,NA,NA,NA
506SE,27-Aug-18,MB,3,NA,NA,NA,NA,NA,NA,NA,NA,NA
576N,27-Aug-18,ML,3,ML,17,1,6,1,6,0,3,0
576N,27-Aug-18,MB,3,NA,NA,NA,NA,NA,NA,NA,NA,NA
576N,27-Aug-18,ML,3,NA,NA,NA,NA,NA,NA,NA,NA,NA
576N,27-Aug-18,MB,3,NA,NA,NA,NA,NA,NA,NA,NA,NA
576N,27-Aug-18,ML,3,NA,NA,NA,NA,NA,NA,NA,NA,NA
576N,27-Aug-18,MB,3,NA,NA,NA,NA,NA,NA,NA,NA,NA
349,30-Aug-18,ML,4,LG,63,6,3,0,26,1,1,0
349,30-Aug-18,MB,4,NA,NA,NA,NA,NA,NA,NA,NA,NA
349,30-Aug-18,ML,4,NA,NA,NA,NA,NA,NA,NA,NA,NA
349,30-Aug-18,MB,4,NA,NA,NA,NA,NA,NA,NA,NA,NA
349,30-Aug-18,ML,4,NA,NA,NA,NA,NA,NA,NA,NA,NA
349,30-Aug-18,MB,4,NA,NA,NA,NA,NA,NA,NA,NA,NA
246,30-Aug-18,ML,4,ML,79,3,1,0,20,1,1,0
246,30-Aug-18,MB,4,NA,NA,NA,NA,NA,NA,NA,NA,NA
246,30-Aug-18,ML,4,NA,NA,NA,NA,NA,NA,NA,NA,NA
246,30-Aug-18,MB,4,NA,NA,NA,NA,NA,NA,NA,NA,NA
246,30-Aug-18,ML,4,NA,NA,NA,NA,NA,NA,NA,NA,NA
246,30-Aug-18,MB,4,NA,NA,NA,NA,NA,NA,NA,NA,NA
219,30-Aug-18,ML,4,ML,62,2,0,0,10,1,0,0
219,30-Aug-18,MB,4,NA,NA,NA,NA,NA,NA,NA,NA,NA
219,30-Aug-18,ML,4,NA,NA,NA,NA,NA,NA,NA,NA,NA
219,30-Aug-18,MB,4,NA,NA,NA,NA,NA,NA,NA,NA,NA
219,30-Aug-18,ML,4,NA,NA,NA,NA,NA,NA,NA,NA,NA
219,30-Aug-18,MB,4,NA,NA,NA,NA,NA,NA,NA,NA,NA
310,30-Aug-18,ML,4,ML,44,2,0,0,25,2,0,0
310,30-Aug-18,MB,4,NA,NA,NA,NA,NA,NA,NA,NA,NA
310,30-Aug-18,ML,4,NA,NA,NA,NA,NA,NA,NA,NA,NA
310,30-Aug-18,MB,4,NA,NA,NA,NA,NA,NA,NA,NA,NA
310,30-Aug-18,ML,4,NA,NA,NA,NA,NA,NA,NA,NA,NA
310,30-Aug-18,MB,4,NA,NA,NA,NA,NA,NA,NA,NA,NA
506SE,30-Aug-18,ML,3,LG,23,0,0,0,10,0,1,0
506SE,30-Aug-18,MB,3,NA,NA,NA,NA,NA,NA,NA,NA,NA
506SE,30-Aug-18,ML,3,NA,NA,NA,NA,NA,NA,NA,NA,NA
506SE,30-Aug-18,MB,3,NA,NA,NA,NA,NA,NA,NA,NA,NA
506SE,30-Aug-18,ML,3,NA,NA,NA,NA,NA,NA,NA,NA,NA
506SE,30-Aug-18,MB,3,NA,NA,NA,NA,NA,NA,NA,NA,NA
576N,30-Aug-18,ML,3,LG,20,3,1,0,3,0,0,0
576N,30-Aug-18,MB,3,NA,NA,NA,NA,NA,NA,NA,NA,NA
576N,30-Aug-18,ML,3,NA,NA,NA,NA,NA,NA,NA,NA,NA
576N,30-Aug-18,MB,3,NA,NA,NA,NA,NA,NA,NA,NA,NA
576N,30-Aug-18,ML,3,NA,NA,NA,NA,NA,NA,NA,NA,NA
576N,30-Aug-18,MB,3,NA,NA,NA,NA,NA,NA,NA,NA,NA
349,4-Sep-18,NA,NA,NA,NA,NA,NA,NA,NA,NA,NA,NA
349,4-Sep-18,NA,NA,NA,NA,NA,NA,NA,NA,NA,NA,NA
349,4-Sep-18,NA,NA,NA,NA,NA,NA,NA,NA,NA,NA,NA
349,4-Sep-18,NA,NA,NA,NA,NA,NA,NA,NA,NA,NA,NA
349,4-Sep-18,NA,NA,NA,NA,NA,NA,NA,NA,NA,NA,NA
349,4-Sep-18,NA,NA,NA,NA,NA,NA,NA,NA,NA,NA,NA
246,4-Sep-18,NA,NA,NA,NA,NA,NA,NA,NA,NA,NA,NA
246,4-Sep-18,NA,NA,NA,NA,NA,NA,NA,NA,NA,NA,NA
246,4-Sep-18,NA,NA,NA,NA,NA,NA,NA,NA,NA,NA,NA
246,4-Sep-18,NA,NA,NA,NA,NA,NA,NA,NA,NA,NA,NA
246,4-Sep-18,NA,NA,NA,NA,NA,NA,NA,NA,NA,NA,NA
246,4-Sep-18,NA,NA,NA,NA,NA,NA,NA,NA,NA,NA,NA
219,4-Sep-18,NA,NA,NA,NA,NA,NA,NA,NA,NA,NA,NA
219,4-Sep-18,NA,NA,NA,NA,NA,NA,NA,NA,NA,NA,NA
219,4-Sep-18,NA,NA,NA,NA,NA,NA,NA,NA,NA,NA,NA
219,4-Sep-18,NA,NA,NA,NA,NA,NA,NA,NA,NA,NA,NA
219,4-Sep-18,NA,NA,NA,NA,NA,NA,NA,NA,NA,NA,NA
219,4-Sep-18,NA,NA,NA,NA,NA,NA,NA,NA,NA,NA,NA
310,4-Sep-18,NA,NA,NA,NA,NA,NA,NA,NA,NA,NA,NA
310,4-Sep-18,NA,NA,NA,NA,NA,NA,NA,NA,NA,NA,NA
310,4-Sep-18,NA,NA,NA,NA,NA,NA,NA,NA,NA,NA,NA
310,4-Sep-18,NA,NA,NA,NA,NA,NA,NA,NA,NA,NA,NA
310,4-Sep-18,NA,NA,NA,NA,NA,NA,NA,NA,NA,NA,NA
310,4-Sep-18,NA,NA,NA,NA,NA,NA,NA,NA,NA,NA,NA
506SE,4-Sep-18,NA,NA,NA,NA,NA,NA,NA,NA,NA,NA,NA
506SE,4-Sep-18,NA,NA,NA,NA,NA,NA,NA,NA,NA,NA,NA
506SE,4-Sep-18,NA,NA,NA,NA,NA,NA,NA,NA,NA,NA,NA
506SE,4-Sep-18,NA,NA,NA,NA,NA,NA,NA,NA,NA,NA,NA
506SE,4-Sep-18,NA,NA,NA,NA,NA,NA,NA,NA,NA,NA,NA
506SE,4-Sep-18,NA,NA,NA,NA,NA,NA,NA,NA,NA,NA,NA
576N,4-Sep-18,NA,NA,NA,NA,NA,NA,NA,NA,NA,NA,NA
576N,4-Sep-18,NA,NA,NA,NA,NA,NA,NA,NA,NA,NA,NA
576N,4-Sep-18,NA,NA,NA,NA,NA,NA,NA,NA,NA,NA,NA
576N,4-Sep-18,NA,NA,NA,NA,NA,NA,NA,NA,NA,NA,NA
576N,4-Sep-18,NA,NA,NA,NA,NA,NA,NA,NA,NA,NA,NA
576N,4-Sep-18,NA,NA,NA,NA,NA,NA,NA,NA,NA,NA,NA
